epoch,1,2,3
loss,1.6855736854486167,1.6497420789673924,1.5399905515369028
